<?xml version="1.0" encoding="UTF-8"?>
<project-private xmlns="http://www.netbeans.org/ns/project-private/1">
    <data xmlns="http://www.netbeans.org/ns/make-project-private/1">
        <activeConfTypeElem>1</activeConfTypeElem>
        <activeConfIndexElem>0</activeConfIndexElem>
    </data>
    <editor-bookmarks xmlns="http://www.netbeans.org/ns/editor-bookmarks/2" lastBookmarkId="0"/>
    <open-files xmlns="http://www.netbeans.org/ns/projectui-open-files/2">
        <group>
            <file>file:/home/2017101996/SpotFail/trabprog3-jordana/main.cpp</file>
            <file>file:/home/2017101996/SpotFail/trabprog3-jordana/Assinante.cpp</file>
            <file>file:/home/2017101996/SpotFail/trabprog3-jordana/PlataformaDigital.h</file>
            <file>file:/home/2017101996/SpotFail/trabprog3-jordana/Musica.cpp</file>
            <file>file:/home/2017101996/SpotFail/trabprog3-jordana/Musica.hpp</file>
            <file>file:/home/2017101996/SpotFail/trabprog3-jordana/Midia.cpp</file>
            <file>file:/home/2017101996/SpotFail/trabprog3-jordana/PlataformaDigital.cpp</file>
            <file>file:/home/2017101996/SpotFail/trabprog3-jordana/Midia.hpp</file>
            <file>file:/home/2017101996/SpotFail/trabprog3-jordana/Poadcaster.cpp</file>
        </group>
    </open-files>
</project-private>
