<?xml version="1.0" encoding="UTF-8"?>
<configurationDescriptor version="100">
  <logicalFolder name="root" displayName="root" projectFiles="true" kind="ROOT">
    <logicalFolder name="HeaderFiles"
                   displayName="Arquivos de Cabeçalho"
                   projectFiles="true">
      <itemPath>Album.hpp</itemPath>
      <itemPath>Artista.hpp</itemPath>
      <itemPath>Assinante.h</itemPath>
      <itemPath>Midia.hpp</itemPath>
      <itemPath>Musica.hpp</itemPath>
      <itemPath>NumPunctPTBR.hpp</itemPath>
      <itemPath>NumberUtils.hpp</itemPath>
      <itemPath>PlataformaDigital.h</itemPath>
      <itemPath>Poadcast.hpp</itemPath>
      <itemPath>Poadcaster.hpp</itemPath>
      <itemPath>Produtor.hpp</itemPath>
      <itemPath>Tokenizer.hpp</itemPath>
      <itemPath>Usuario.h</itemPath>
    </logicalFolder>
    <logicalFolder name="SourceFiles"
                   displayName="Arquivos de Código-Fonte"
                   projectFiles="true">
      <itemPath>Album.cpp</itemPath>
      <itemPath>Artista.cpp</itemPath>
      <itemPath>Assinante.cpp</itemPath>
      <itemPath>Midia.cpp</itemPath>
      <itemPath>Musica.cpp</itemPath>
      <itemPath>NumPunctPTBR.cpp</itemPath>
      <itemPath>NumberUtils.cpp</itemPath>
      <itemPath>PlataformaDigital.cpp</itemPath>
      <itemPath>Poadcast.cpp</itemPath>
      <itemPath>Poadcaster.cpp</itemPath>
      <itemPath>Produtor.cpp</itemPath>
      <itemPath>Tokenizer.cpp</itemPath>
      <itemPath>Usuario.cpp</itemPath>
      <itemPath>main.cpp</itemPath>
    </logicalFolder>
    <logicalFolder name="ResourceFiles"
                   displayName="Arquivos de Recurso"
                   projectFiles="true">
    </logicalFolder>
    <logicalFolder name="TestFiles"
                   displayName="Arquivos de Teste"
                   projectFiles="false"
                   kind="TEST_LOGICAL_FOLDER">
    </logicalFolder>
    <logicalFolder name="ExternalFiles"
                   displayName="Arquivos Importantes"
                   projectFiles="false"
                   kind="IMPORTANT_FILES_FOLDER">
      <itemPath>Makefile</itemPath>
    </logicalFolder>
  </logicalFolder>
  <projectmakefile>Makefile</projectmakefile>
  <confs>
    <conf name="Debug" type="1">
      <toolsSet>
        <compilerSet>default</compilerSet>
        <dependencyChecking>true</dependencyChecking>
        <rebuildPropChanged>false</rebuildPropChanged>
      </toolsSet>
      <compileType>
      </compileType>
      <item path="Album.cpp" ex="false" tool="1" flavor2="0">
      </item>
      <item path="Album.hpp" ex="false" tool="3" flavor2="0">
      </item>
      <item path="Artista.cpp" ex="false" tool="1" flavor2="0">
      </item>
      <item path="Artista.hpp" ex="false" tool="3" flavor2="0">
      </item>
      <item path="Assinante.cpp" ex="false" tool="1" flavor2="0">
      </item>
      <item path="Assinante.h" ex="false" tool="3" flavor2="0">
      </item>
      <item path="Midia.cpp" ex="false" tool="1" flavor2="0">
      </item>
      <item path="Midia.hpp" ex="false" tool="3" flavor2="0">
      </item>
      <item path="Musica.cpp" ex="false" tool="1" flavor2="0">
      </item>
      <item path="Musica.hpp" ex="false" tool="3" flavor2="0">
      </item>
      <item path="NumPunctPTBR.cpp" ex="false" tool="1" flavor2="0">
      </item>
      <item path="NumPunctPTBR.hpp" ex="false" tool="3" flavor2="0">
      </item>
      <item path="NumberUtils.cpp" ex="false" tool="1" flavor2="0">
      </item>
      <item path="NumberUtils.hpp" ex="false" tool="3" flavor2="0">
      </item>
      <item path="PlataformaDigital.cpp" ex="false" tool="1" flavor2="0">
      </item>
      <item path="PlataformaDigital.h" ex="false" tool="3" flavor2="0">
      </item>
      <item path="Poadcast.cpp" ex="false" tool="1" flavor2="0">
      </item>
      <item path="Poadcast.hpp" ex="false" tool="3" flavor2="0">
      </item>
      <item path="Poadcaster.cpp" ex="false" tool="1" flavor2="0">
      </item>
      <item path="Poadcaster.hpp" ex="false" tool="3" flavor2="0">
      </item>
      <item path="Produtor.cpp" ex="false" tool="1" flavor2="0">
      </item>
      <item path="Produtor.hpp" ex="false" tool="3" flavor2="0">
      </item>
      <item path="Tokenizer.cpp" ex="false" tool="1" flavor2="0">
      </item>
      <item path="Tokenizer.hpp" ex="false" tool="3" flavor2="0">
      </item>
      <item path="Usuario.cpp" ex="false" tool="1" flavor2="0">
      </item>
      <item path="Usuario.h" ex="false" tool="3" flavor2="0">
      </item>
      <item path="main.cpp" ex="false" tool="1" flavor2="0">
      </item>
    </conf>
    <conf name="Release" type="1">
      <toolsSet>
        <compilerSet>default</compilerSet>
        <dependencyChecking>true</dependencyChecking>
        <rebuildPropChanged>false</rebuildPropChanged>
      </toolsSet>
      <compileType>
        <cTool>
          <developmentMode>5</developmentMode>
        </cTool>
        <ccTool>
          <developmentMode>5</developmentMode>
        </ccTool>
        <fortranCompilerTool>
          <developmentMode>5</developmentMode>
        </fortranCompilerTool>
        <asmTool>
          <developmentMode>5</developmentMode>
        </asmTool>
      </compileType>
      <item path="Album.cpp" ex="false" tool="1" flavor2="0">
      </item>
      <item path="Album.hpp" ex="false" tool="3" flavor2="0">
      </item>
      <item path="Artista.cpp" ex="false" tool="1" flavor2="0">
      </item>
      <item path="Artista.hpp" ex="false" tool="3" flavor2="0">
      </item>
      <item path="Assinante.cpp" ex="false" tool="1" flavor2="0">
      </item>
      <item path="Assinante.h" ex="false" tool="3" flavor2="0">
      </item>
      <item path="Midia.cpp" ex="false" tool="1" flavor2="0">
      </item>
      <item path="Midia.hpp" ex="false" tool="3" flavor2="0">
      </item>
      <item path="Musica.cpp" ex="false" tool="1" flavor2="0">
      </item>
      <item path="Musica.hpp" ex="false" tool="3" flavor2="0">
      </item>
      <item path="NumPunctPTBR.cpp" ex="false" tool="1" flavor2="0">
      </item>
      <item path="NumPunctPTBR.hpp" ex="false" tool="3" flavor2="0">
      </item>
      <item path="NumberUtils.cpp" ex="false" tool="1" flavor2="0">
      </item>
      <item path="NumberUtils.hpp" ex="false" tool="3" flavor2="0">
      </item>
      <item path="PlataformaDigital.cpp" ex="false" tool="1" flavor2="0">
      </item>
      <item path="PlataformaDigital.h" ex="false" tool="3" flavor2="0">
      </item>
      <item path="Poadcast.cpp" ex="false" tool="1" flavor2="0">
      </item>
      <item path="Poadcast.hpp" ex="false" tool="3" flavor2="0">
      </item>
      <item path="Poadcaster.cpp" ex="false" tool="1" flavor2="0">
      </item>
      <item path="Poadcaster.hpp" ex="false" tool="3" flavor2="0">
      </item>
      <item path="Produtor.cpp" ex="false" tool="1" flavor2="0">
      </item>
      <item path="Produtor.hpp" ex="false" tool="3" flavor2="0">
      </item>
      <item path="Tokenizer.cpp" ex="false" tool="1" flavor2="0">
      </item>
      <item path="Tokenizer.hpp" ex="false" tool="3" flavor2="0">
      </item>
      <item path="Usuario.cpp" ex="false" tool="1" flavor2="0">
      </item>
      <item path="Usuario.h" ex="false" tool="3" flavor2="0">
      </item>
      <item path="main.cpp" ex="false" tool="1" flavor2="0">
      </item>
    </conf>
  </confs>
</configurationDescriptor>
